{"cameraMode":{"drawMode":0,"name":"Shaded","section":"Shading Mode"},"sceneLighting":true,"audioPlay":false,"sceneViewState":{"showFog":true,"showMaterialUpdate":false,"showSkybox":true,"showFlares":true,"showImageEffects":true,"showParticleSystems":true},"in2DMode":false,"pivot":{"x":1.1488533020019532,"y":-0.35272216796875,"z":-0.8376636505126953},"rotation":{"x":-0.08340918272733689,"y":0.9087398648262024,"z":-0.21979430317878724,"w":-0.34485551714897158},"size":26.336517333984376,"orthographic":false}